review,sentiment
"This product is absolutely amazing! Works perfectly and arrived on time.",positive
"Great quality, very happy with this purchase. Highly recommended!",positive
"Excellent product, exceeded my expectations. Will buy again.",positive
"Very good value for money. Packaging was neat and product works well.",positive
"Fantastic! One of the best purchases I have made this year.",positive
"Really satisfied with this item. Fast delivery and great build quality.",positive
"Love this product! It does exactly what it says. 5 stars.",positive
"Perfect fit, great material, looks exactly like the picture.",positive
"Outstanding quality and quick delivery. Very impressed.",positive
"Brilliant product. Works as described and the price is fair.",positive
"Good product overall, but the delivery took longer than expected.",positive
"Decent quality for the price, not exceptional but does the job.",positive
"Average product. Nothing special but works fine.",positive
"It is okay, nothing great nothing terrible. Gets the job done.",neutral
"Mediocre quality but acceptable for the price range.",neutral
"Not bad but not great either. Expected better for this price.",neutral
"The product is fine but the instructions were very unclear.",neutral
"Works as described but packaging was damaged when it arrived.",neutral
"Fairly standard product, does what it should do.",neutral
"Product is usable but feels cheap. Probably won't repurchase.",neutral
"Terrible product. Broke after just one week of use.",negative
"Complete waste of money. Does not work as advertised at all.",negative
"Very disappointed. The quality is extremely poor and flimsy.",negative
"Do not buy this. Arrived damaged and customer service was unhelpful.",negative
"Worst purchase I have ever made. Stopped working after two days.",negative
"Horrible quality. Looks nothing like the pictures shown online.",negative
"Absolute garbage. Save your money and buy something else.",negative
"Very poor quality. Feels like it will break any moment.",negative
"Disappointed. Ordered this as a gift but it arrived broken.",negative
"Terrible experience. Product is defective and returns are difficult.",negative
